{
   "dashboards": [{
      "autoswitchEnabled": false,
      "columnCount": 1,
      "columnProportion": "1",
      "creationTime": 1603940694758,
      "dashboardNavigations": {},
      "description": "",
      "disabled": false,
      "gridsterMaxColumns": 12,
      "hidden": false,
      "homeTab": false,
      "id": "0a881e38-7e3a-4c58-9314-2ac77222af9d",
      "importAttempts": 0,
      "importComplete": true,
      "lastUpdateTime": 1604258383598,
      "lastUpdateUserId": "89b215a9-bdd6-4c09-993c-bc29030b68c7",
      "locked": false,
      "name": "NOC",
      "rank": 0,
      "shared": false,
      "states": [],
      "temporary": false,
      "userId": "89b215a9-bdd6-4c09-993c-bc29030b68c7",
      "widgetInteractions": [],
      "widgets": [
         {
            "collapsed": false,
            "config": {
               "boxColumns": 3,
               "boxHeight": null,
               "customFilter": {
                  "excludedResources": null,
                  "filter": [],
                  "includedResources": null
               },
               "depth": 1,
               "labelSize": 12,
               "maxCellCount": 100,
               "metric": {
                  "mode": "resourceKind",
                  "resourceKindMetrics": [
                     {
                        "colorMethod": 0,
                        "handleOldColoring": false,
                        "id": "extModel4927-1",
                        "isStringMetric": false,
                        "label": "Total Hosts",
                        "link": "",
                        "metricKey": "summary|total_number_hosts",
                        "metricName": "Summary|Total Number of Hosts",
                        "metricUnitId": null,
                        "orangeBound": 5,
                        "redBound": 3,
                        "resourceKindId": "resourceKind:id:0_::_",
                        "resourceKindName": "vSphere World",
                        "unit": "",
                        "yellowBound": 7
                     },
                     {
                        "colorMethod": 0,
                        "handleOldColoring": false,
                        "id": "extModel4927-2",
                        "isStringMetric": false,
                        "label": "Running Hosts",
                        "link": "",
                        "metricKey": "summary|number_running_hosts",
                        "metricName": "Summary|Number of Running Hosts",
                        "metricUnitId": null,
                        "orangeBound": 5,
                        "redBound": 3,
                        "resourceKindId": "resourceKind:id:0_::_",
                        "resourceKindName": "vSphere World",
                        "unit": "",
                        "yellowBound": 7
                     },
                     {
                        "colorMethod": 0,
                        "handleOldColoring": false,
                        "id": "extModel4927-3",
                        "isStringMetric": false,
                        "label": "Total VMs",
                        "link": "",
                        "metricKey": "summary|total_number_vms",
                        "metricName": "Summary|Total Number of VMs",
                        "metricUnitId": null,
                        "orangeBound": 20,
                        "redBound": 10,
                        "resourceKindId": "resourceKind:id:0_::_",
                        "resourceKindName": "vSphere World",
                        "unit": "",
                        "yellowBound": 25
                     },
                     {
                        "colorMethod": 0,
                        "handleOldColoring": false,
                        "id": "extModel4927-5",
                        "isStringMetric": false,
                        "label": "Running VMs",
                        "link": "",
                        "metricKey": "summary|number_running_vms",
                        "metricName": "Summary|Number of Running VMs",
                        "metricUnitId": null,
                        "orangeBound": 20,
                        "redBound": 10,
                        "resourceKindId": "resourceKind:id:0_::_",
                        "resourceKindName": "vSphere World",
                        "unit": "",
                        "yellowBound": 25
                     },
                     {
                        "colorMethod": 0,
                        "handleOldColoring": false,
                        "id": "extModel4927-6",
                        "isStringMetric": false,
                        "label": "Powered Off VMs",
                        "link": "",
                        "metricKey": "summary|number_poweredOff_vms",
                        "metricName": "Summary|Number of Powered Off VMs",
                        "metricUnitId": null,
                        "orangeBound": 2,
                        "redBound": 3,
                        "resourceKindId": "resourceKind:id:0_::_",
                        "resourceKindName": "vSphere World",
                        "unit": "",
                        "yellowBound": 1
                     },
                     {
                        "colorMethod": 1,
                        "handleOldColoring": false,
                        "id": "extModel8847-1",
                        "isStringMetric": false,
                        "link": "",
                        "metricKey": "diskspace-waste|wasteValue",
                        "metricName": "Disk Space Reclaimable|Reclaimable Capacity",
                        "metricUnitId": -1,
                        "orangeBound": null,
                        "redBound": null,
                        "resourceKindId": "resourceKind:id:0_::_",
                        "resourceKindName": "vSphere World",
                        "unit": "Auto",
                        "yellowBound": null
                     }
                  ],
                  "resourceMetrics": [],
                  "subMode": "resourceKindAll"
               },
               "mode": {"layoutMode": "fixedView"},
               "oldMetricValues": false,
               "periodLength": "last12Hour",
               "refreshContent": {"refreshContent": true},
               "refreshInterval": 300,
               "relationshipMode": {"relationshipMode": 0},
               "resInteractionMode": null,
               "resource": [],
               "roundDecimals": null,
               "selfProvider": {"selfProvider": true},
               "showDT": {"showDT": false},
               "showMetricName": {"showMetricName": true},
               "showMetricUnit": {"showMetricUnit": true},
               "showResourceName": {"showResourceName": false},
               "showSparkline": {"showSparkline": true},
               "title": "Overall Status",
               "valueSize": 24,
               "visualTheme": 6
            },
            "gridsterCoords": {
               "h": 7,
               "w": 2,
               "x": 4,
               "y": 1
            },
            "height": 381,
            "id": "c2d1a494-ed4a-412a-9cd7-d424ee9f8ea4",
            "title": "Overall Status",
            "type": "Scoreboard"
         },
         {
            "collapsed": false,
            "config": {
               "configs": [{
                  "attributeKind": {"value": ""},
                  "color": {
                     "maxValue": 100,
                     "minValue": 0,
                     "thresholds": {
                        "colors": [
                           "#00ff00",
                           "#888800",
                           "#ff0000"
                        ],
                        "values": [
                           0,
                           50,
                           100
                        ]
                     }
                  },
                  "colorBy": {
                     "metricKey": "mem|usage_average",
                     "value": "Memory|Usage (%)"
                  },
                  "filterMode": "tagPicker",
                  "focusOnGroups": true,
                  "groupBy": {
                     "id": "004null002006VMWAREVMwareAdapter Instance",
                     "originalText": "vCenter Server",
                     "parentId": "VMWARE",
                     "parentText": "vCenter Adapter",
                     "text": "vCenter Server",
                     "type": "resourceKind",
                     "typeId": "resourceKind:id:1_::_"
                  },
                  "mode": {"mode": false},
                  "name": "hosts-health",
                  "relationalGrouping": false,
                  "resourceKind": "resourceKind:id:3_::_",
                  "sizeBy": {
                     "metricKey": "cpu|capacity_usagepct_average",
                     "value": "CPU|Capacity Usage (%)"
                  },
                  "solidColoring": false,
                  "tagFilter": null,
                  "thenBy": {
                     "id": "004null002006VMWAREClusterComputeResource",
                     "originalText": "Cluster Compute Resource",
                     "parentId": "VMWARE",
                     "parentText": "vCenter Adapter",
                     "text": "Cluster Compute Resource",
                     "type": "resourceKind",
                     "typeId": "resourceKind:id:2_::_"
                  }
               }],
               "depth": 10,
               "mode": "all",
               "refreshContent": {"refreshContent": true},
               "refreshInterval": 300,
               "relationshipMode": {"relationshipMode": [
                  1,
                  -1,
                  0
               ]},
               "resource": [],
               "selfProvider": {"selfProvider": false},
               "title": "Hosts CPU & MEM Utilization",
               "value": 0
            },
            "gridsterCoords": {
               "h": 8,
               "w": 2,
               "x": 3,
               "y": 14
            },
            "height": 438,
            "id": "0f1b7817-62de-4538-9a5e-27f8f38ba554",
            "states": [{
               "key": "perm_HeatMap_widget_0a881e38-7e3a-4c58-9314-2ac77222af9d_0f1b7817-62de-4538-9a5e-27f8f38ba554",
               "value": "o%3A"
            }],
            "title": "Hosts CPU & MEM Utilization",
            "type": "Heatmap"
         },
         {
            "collapsed": false,
            "config": {
               "configs": [{
                  "attributeKind": {"value": ""},
                  "color": {
                     "maxValue": 100,
                     "minValue": 0,
                     "thresholds": {
                        "colors": [
                           "#00ff00",
                           "#888800",
                           "#ff0000"
                        ],
                        "values": [
                           0,
                           50,
                           100
                        ]
                     }
                  },
                  "colorBy": {
                     "metricKey": "capacity|usedSpacePct",
                     "value": "Capacity|Used Space (%)"
                  },
                  "filterMode": "tagPicker",
                  "focusOnGroups": true,
                  "groupBy": {
                     "id": "004null002006VMWAREVMwareAdapter Instance",
                     "originalText": "vCenter Server",
                     "parentId": "VMWARE",
                     "parentText": "vCenter Adapter",
                     "text": "vCenter Server",
                     "type": "resourceKind",
                     "typeId": "resourceKind:id:1_::_"
                  },
                  "mode": {"mode": false},
                  "name": "datastore-consumption",
                  "relationalGrouping": false,
                  "resourceKind": "resourceKind:id:4_::_",
                  "sizeBy": {
                     "metricKey": "capacity|provisioned",
                     "value": "Capacity|Provisioned (GB)"
                  },
                  "solidColoring": false,
                  "tagFilter": null,
                  "thenBy": {
                     "id": "004null002006VMWAREClusterComputeResource",
                     "originalText": "Cluster Compute Resource",
                     "parentId": "VMWARE",
                     "parentText": "vCenter Adapter",
                     "text": "Cluster Compute Resource",
                     "type": "resourceKind",
                     "typeId": "resourceKind:id:2_::_"
                  }
               }],
               "depth": 10,
               "mode": "all",
               "refreshContent": {"refreshContent": true},
               "refreshInterval": 300,
               "relationshipMode": {"relationshipMode": [
                  1,
                  -1,
                  0
               ]},
               "resource": [],
               "selfProvider": {"selfProvider": false},
               "title": "Datastore Utilization",
               "value": 0
            },
            "gridsterCoords": {
               "h": 8,
               "w": 2,
               "x": 5,
               "y": 14
            },
            "height": 438,
            "id": "58992887-9595-47d4-adce-30184d38e721",
            "states": [{
               "key": "perm_HeatMap_widget_0a881e38-7e3a-4c58-9314-2ac77222af9d_58992887-9595-47d4-adce-30184d38e721",
               "value": "o%3A"
            }],
            "title": "Datastore Utilization",
            "type": "Heatmap"
         },
         {
            "collapsed": false,
            "config": {
               "configs": [{
                  "attributeKind": {"value": ""},
                  "color": {
                     "maxValue": 100,
                     "minValue": 0,
                     "thresholds": {
                        "colors": [
                           "#00ff00",
                           "#888800",
                           "#ff0000"
                        ],
                        "values": [
                           0,
                           50,
                           100
                        ]
                     }
                  },
                  "colorBy": {
                     "metricKey": "mem|usage_average",
                     "value": "Memory|Usage (%)"
                  },
                  "filterMode": "tagPicker",
                  "focusOnGroups": true,
                  "groupBy": {
                     "id": "004null002006VMWAREVMwareAdapter Instance",
                     "originalText": "vCenter Server",
                     "parentId": "VMWARE",
                     "parentText": "vCenter Adapter",
                     "text": "vCenter Server",
                     "type": "resourceKind",
                     "typeId": "resourceKind:id:1_::_"
                  },
                  "mode": {"mode": false},
                  "name": "cluster-utilzation",
                  "relationalGrouping": false,
                  "resourceKind": "resourceKind:id:2_::_",
                  "sizeBy": {
                     "metricKey": "cpu|capacity_usagepct_average",
                     "value": "CPU|Capacity Usage (%)"
                  },
                  "solidColoring": false,
                  "tagFilter": null,
                  "thenBy": {
                     "id": "004null002006VMWAREClusterComputeResource",
                     "originalText": "Cluster Compute Resource",
                     "parentId": "VMWARE",
                     "parentText": "vCenter Adapter",
                     "text": "Cluster Compute Resource",
                     "type": "resourceKind",
                     "typeId": "resourceKind:id:2_::_"
                  }
               }],
               "depth": 10,
               "mode": "all",
               "refreshContent": {"refreshContent": true},
               "refreshInterval": 300,
               "relationshipMode": {"relationshipMode": [
                  1,
                  -1,
                  0
               ]},
               "resource": [],
               "selfProvider": {"selfProvider": false},
               "title": "Cluster CPU & Mem Utilization",
               "value": 0
            },
            "gridsterCoords": {
               "h": 8,
               "w": 2,
               "x": 1,
               "y": 14
            },
            "height": 438,
            "id": "16b245d1-7024-48fa-91b1-e348e3f90bcc",
            "states": [{
               "key": "perm_HeatMap_widget_0a881e38-7e3a-4c58-9314-2ac77222af9d_16b245d1-7024-48fa-91b1-e348e3f90bcc",
               "value": "o%3A"
            }],
            "title": "Cluster CPU & Mem Utilization",
            "type": "Heatmap"
         },
         {
            "collapsed": false,
            "config": {
               "configs": [{
                  "attributeKind": {"value": ""},
                  "color": {
                     "maxValue": 100,
                     "minValue": 0,
                     "thresholds": {
                        "colors": [
                           "#00ff00",
                           "#888800",
                           "#ff0000"
                        ],
                        "values": [
                           0,
                           50,
                           100
                        ]
                     }
                  },
                  "colorBy": {
                     "metricKey": "mem|usage_average",
                     "value": "Memory|Usage (%)"
                  },
                  "filterMode": "tagPicker",
                  "focusOnGroups": true,
                  "groupBy": {
                     "id": "004null002006VMWAREVMwareAdapter Instance",
                     "originalText": "vCenter Server",
                     "parentId": "VMWARE",
                     "parentText": "vCenter Adapter",
                     "text": "vCenter Server",
                     "type": "resourceKind",
                     "typeId": "resourceKind:id:1_::_"
                  },
                  "mode": {"mode": false},
                  "name": "vm-utilization",
                  "relationalGrouping": false,
                  "resourceKind": "resourceKind:id:5_::_",
                  "sizeBy": {
                     "metricKey": "cpu|usage_average",
                     "value": "CPU|Usage (%)"
                  },
                  "solidColoring": false,
                  "tagFilter": null,
                  "thenBy": {
                     "id": "004null002006VMWAREClusterComputeResource",
                     "originalText": "Cluster Compute Resource",
                     "parentId": "VMWARE",
                     "parentText": "vCenter Adapter",
                     "text": "Cluster Compute Resource",
                     "type": "resourceKind",
                     "typeId": "resourceKind:id:2_::_"
                  }
               }],
               "depth": 10,
               "mode": "all",
               "refreshContent": {"refreshContent": true},
               "refreshInterval": 300,
               "relationshipMode": {"relationshipMode": [
                  1,
                  -1,
                  0
               ]},
               "resource": [],
               "selfProvider": {"selfProvider": false},
               "title": "VM CPU & Mem Utilization",
               "value": 0
            },
            "gridsterCoords": {
               "h": 8,
               "w": 3,
               "x": 7,
               "y": 14
            },
            "height": 438,
            "id": "2f236c25-b777-4a97-b636-988113956d12",
            "states": [{
               "key": "perm_HeatMap_widget_0a881e38-7e3a-4c58-9314-2ac77222af9d_2f236c25-b777-4a97-b636-988113956d12",
               "value": "o%3A"
            }],
            "title": "VM CPU & Mem Utilization",
            "type": "Heatmap"
         },
         {
            "collapsed": false,
            "config": {
               "configs": [{
                  "attributeKind": {"value": ""},
                  "color": {
                     "maxValue": 100,
                     "minValue": 0,
                     "thresholds": {
                        "colors": [
                           "#FF0000",
                           "#888800",
                           "#00FF00"
                        ],
                        "values": [
                           0,
                           50,
                           100
                        ]
                     }
                  },
                  "colorBy": {
                     "metricKey": "badge|health",
                     "value": "Badge|Health (%)"
                  },
                  "filterMode": "tagPicker",
                  "focusOnGroups": true,
                  "groupBy": {
                     "id": "004null002006VMWAREVMwareAdapter Instance",
                     "originalText": "vCenter Server",
                     "parentId": "VMWARE",
                     "parentText": "vCenter Adapter",
                     "text": "vCenter Server",
                     "type": "resourceKind",
                     "typeId": "resourceKind:id:1_::_"
                  },
                  "mode": {"mode": false},
                  "name": "vm-health",
                  "relationalGrouping": false,
                  "resourceKind": "resourceKind:id:5_::_",
                  "sizeBy": {
                     "metricKey": "badge|risk",
                     "value": "Badge|Risk (%)"
                  },
                  "solidColoring": false,
                  "tagFilter": null,
                  "thenBy": {
                     "id": "004null002006VMWAREClusterComputeResource",
                     "originalText": "Cluster Compute Resource",
                     "parentId": "VMWARE",
                     "parentText": "vCenter Adapter",
                     "text": "Cluster Compute Resource",
                     "type": "resourceKind",
                     "typeId": "resourceKind:id:2_::_"
                  }
               }],
               "depth": 10,
               "mode": "all",
               "refreshContent": {"refreshContent": true},
               "refreshInterval": 300,
               "relationshipMode": {"relationshipMode": [
                  1,
                  -1,
                  0
               ]},
               "resource": [],
               "selfProvider": {"selfProvider": false},
               "title": "VM's Risk & Health",
               "value": 0
            },
            "gridsterCoords": {
               "h": 6,
               "w": 3,
               "x": 7,
               "y": 8
            },
            "height": 324,
            "id": "1fb179d7-db35-46d1-a61a-9fc6b0960f6b",
            "states": [{
               "key": "perm_HeatMap_widget_0a881e38-7e3a-4c58-9314-2ac77222af9d_1fb179d7-db35-46d1-a61a-9fc6b0960f6b",
               "value": "o%3A"
            }],
            "title": "VM's Risk & Health",
            "type": "Heatmap"
         },
         {
            "collapsed": false,
            "config": {
               "configs": [{
                  "attributeKind": {"value": ""},
                  "color": {
                     "maxValue": 100,
                     "minValue": 0,
                     "thresholds": {
                        "colors": [
                           "#FF0000",
                           "#888800",
                           "#00FF00"
                        ],
                        "values": [
                           0,
                           50,
                           100
                        ]
                     }
                  },
                  "colorBy": {
                     "metricKey": "badge|health",
                     "value": "Badge|Health (%)"
                  },
                  "filterMode": "tagPicker",
                  "focusOnGroups": true,
                  "groupBy": {
                     "id": "004null002006VMWAREVMwareAdapter Instance",
                     "originalText": "vCenter Server",
                     "parentId": "VMWARE",
                     "parentText": "vCenter Adapter",
                     "text": "vCenter Server",
                     "type": "resourceKind",
                     "typeId": "resourceKind:id:1_::_"
                  },
                  "mode": {"mode": false},
                  "name": "cluster-health",
                  "relationalGrouping": false,
                  "resourceKind": "resourceKind:id:2_::_",
                  "sizeBy": {
                     "metricKey": "badge|risk",
                     "value": "Badge|Risk (%)"
                  },
                  "solidColoring": false,
                  "tagFilter": null,
                  "thenBy": null
               }],
               "depth": 10,
               "mode": "all",
               "refreshContent": {"refreshContent": true},
               "refreshInterval": 300,
               "relationshipMode": {"relationshipMode": [
                  1,
                  -1,
                  0
               ]},
               "resource": [],
               "selfProvider": {"selfProvider": false},
               "title": "Cluster Risk & Health",
               "value": 0
            },
            "gridsterCoords": {
               "h": 6,
               "w": 2,
               "x": 1,
               "y": 8
            },
            "height": 324,
            "id": "f2f068e9-4fd1-4269-92ad-6f9616bb6cc2",
            "states": [{
               "key": "perm_HeatMap_widget_0a881e38-7e3a-4c58-9314-2ac77222af9d_f2f068e9-4fd1-4269-92ad-6f9616bb6cc2",
               "value": "o%3A"
            }],
            "title": "Cluster Risk & Health",
            "type": "Heatmap"
         },
         {
            "collapsed": false,
            "config": {
               "configs": [{
                  "attributeKind": {"value": ""},
                  "color": {
                     "maxValue": 100,
                     "minValue": 0,
                     "thresholds": {
                        "colors": [
                           "#FF0000",
                           "#808000",
                           "#00FF00"
                        ],
                        "values": [
                           0,
                           50,
                           100
                        ]
                     }
                  },
                  "colorBy": {
                     "metricKey": "badge|health",
                     "value": "Badge|Health (%)"
                  },
                  "filterMode": "tagPicker",
                  "focusOnGroups": true,
                  "groupBy": {
                     "id": "004null002006VMWAREVMwareAdapter Instance",
                     "originalText": "vCenter Server",
                     "parentId": "VMWARE",
                     "parentText": "vCenter Adapter",
                     "text": "vCenter Server",
                     "type": "resourceKind",
                     "typeId": "resourceKind:id:1_::_"
                  },
                  "mode": {"mode": false},
                  "name": "host-health",
                  "relationalGrouping": false,
                  "resourceKind": "resourceKind:id:3_::_",
                  "sizeBy": {
                     "metricKey": "badge|risk",
                     "value": "Badge|Risk (%)"
                  },
                  "solidColoring": false,
                  "tagFilter": null,
                  "thenBy": {
                     "id": "004null002006VMWAREClusterComputeResource",
                     "originalText": "Cluster Compute Resource",
                     "parentId": "VMWARE",
                     "parentText": "vCenter Adapter",
                     "text": "Cluster Compute Resource",
                     "type": "resourceKind",
                     "typeId": "resourceKind:id:2_::_"
                  }
               }],
               "depth": 10,
               "mode": "all",
               "refreshContent": {"refreshContent": true},
               "refreshInterval": 300,
               "relationshipMode": {"relationshipMode": [
                  1,
                  -1,
                  0
               ]},
               "resource": [],
               "selfProvider": {"selfProvider": false},
               "title": "Hosts Risk & Health",
               "value": 0
            },
            "gridsterCoords": {
               "h": 6,
               "w": 2,
               "x": 3,
               "y": 8
            },
            "height": 324,
            "id": "f3fb56ab-4f3b-4418-89c9-f8bcbe132419",
            "states": [{
               "key": "perm_HeatMap_widget_0a881e38-7e3a-4c58-9314-2ac77222af9d_f3fb56ab-4f3b-4418-89c9-f8bcbe132419",
               "value": "o%3A"
            }],
            "title": "Hosts Risk & Health",
            "type": "Heatmap"
         },
         {
            "collapsed": false,
            "config": {
               "configs": [{
                  "attributeKind": {"value": ""},
                  "color": {
                     "maxValue": 100,
                     "minValue": 0,
                     "thresholds": {
                        "colors": [
                           "#FF0000",
                           "#888800",
                           "#00FF00"
                        ],
                        "values": [
                           0,
                           50,
                           100
                        ]
                     }
                  },
                  "colorBy": {
                     "metricKey": "badge|health",
                     "value": "Badge|Health (%)"
                  },
                  "filterMode": "tagPicker",
                  "focusOnGroups": true,
                  "groupBy": {
                     "id": "004null002006VMWAREVMwareAdapter Instance",
                     "originalText": "vCenter Server",
                     "parentId": "VMWARE",
                     "parentText": "vCenter Adapter",
                     "text": "vCenter Server",
                     "type": "resourceKind",
                     "typeId": "resourceKind:id:1_::_"
                  },
                  "mode": {"mode": false},
                  "name": "datastore-health",
                  "relationalGrouping": false,
                  "resourceKind": "resourceKind:id:4_::_",
                  "sizeBy": {
                     "metricKey": "badge|risk",
                     "value": "Badge|Risk (%)"
                  },
                  "solidColoring": false,
                  "tagFilter": null,
                  "thenBy": {
                     "id": "004null002006VMWAREClusterComputeResource",
                     "originalText": "Cluster Compute Resource",
                     "parentId": "VMWARE",
                     "parentText": "vCenter Adapter",
                     "text": "Cluster Compute Resource",
                     "type": "resourceKind",
                     "typeId": "resourceKind:id:2_::_"
                  }
               }],
               "depth": 10,
               "mode": "all",
               "refreshContent": {"refreshContent": true},
               "refreshInterval": 300,
               "relationshipMode": {"relationshipMode": [
                  1,
                  -1,
                  0
               ]},
               "resource": [],
               "selfProvider": {"selfProvider": false},
               "title": "Datastore Risk & Health",
               "value": 0
            },
            "gridsterCoords": {
               "h": 6,
               "w": 2,
               "x": 5,
               "y": 8
            },
            "height": 324,
            "id": "a4cf1372-de2b-4df3-9a95-491a77510ebe",
            "states": [{
               "key": "perm_HeatMap_widget_0a881e38-7e3a-4c58-9314-2ac77222af9d_a4cf1372-de2b-4df3-9a95-491a77510ebe",
               "value": "o%3A"
            }],
            "title": "Datastore Risk & Health",
            "type": "Heatmap"
         },
         {
            "collapsed": false,
            "config": {
               "impactedBadge": "",
               "refreshContent": {"refreshContent": false},
               "refreshInterval": 300,
               "resource": {
                  "resourceId": "resource:id:0_::_",
                  "resourceName": "vSphere World"
               },
               "selfProvider": {"selfProvider": true},
               "title": "Top Alerts",
               "topIssuesDisplayLimit": 10,
               "triggeredObject": {"triggeredObject": "selfChildren"}
            },
            "gridsterCoords": {
               "h": 21,
               "w": 2,
               "x": 10,
               "y": 1
            },
            "height": 1178,
            "id": "c5974414-f24d-46c8-bffd-b7d6770e2a3a",
            "title": "Top Alerts",
            "type": "ProblemAlertsList"
         },
         {
            "collapsed": false,
            "config": {
               "autoZoom": {"autoSize": false},
               "customFilter": {
                  "excludedResources": null,
                  "filter": [],
                  "includedResources": null
               },
               "filterMode": "tagPicker",
               "nodeSize": null,
               "refreshContent": {"refreshContent": true},
               "refreshInterval": 300,
               "resourceId": "resource:id:1_::_",
               "resourceName": "SDDC Health",
               "selfProvider": {"selfProvider": true},
               "tagFilter": null,
               "title": "SDDC Health"
            },
            "gridsterCoords": {
               "h": 7,
               "w": 3,
               "x": 1,
               "y": 1
            },
            "height": 381,
            "id": "11538ca1-9bd1-4012-85dc-7b736763b422",
            "states": [{
               "key": "permResourceRelationship_widget_0a881e38-7e3a-4c58-9314-2ac77222af9d_11538ca1-9bd1-4012-85dc-7b736763b422",
               "value": "o%3A"
            }],
            "title": "SDDC Health",
            "type": "ResourceRelationship"
         },
         {
            "collapsed": false,
            "config": {
               "boxColumns": 2,
               "boxHeight": null,
               "customFilter": {
                  "excludedResources": null,
                  "filter": [],
                  "includedResources": null
               },
               "depth": 1,
               "labelSize": 12,
               "maxCellCount": 100,
               "metric": {
                  "mode": "resourceKind",
                  "resourceKindMetrics": [
                     {
                        "colorMethod": 0,
                        "handleOldColoring": false,
                        "id": "extModel4927-7",
                        "isStringMetric": false,
                        "label": "Unhappy VMs",
                        "link": "",
                        "metricKey": "summary|drs_unhappy_vms",
                        "metricName": "Summary|DRS Unhappy VMs",
                        "metricUnitId": null,
                        "orangeBound": 2,
                        "redBound": 3,
                        "resourceKindId": "resourceKind:id:0_::_",
                        "resourceKindName": "vSphere World",
                        "unit": "",
                        "yellowBound": 1
                     },
                     {
                        "colorMethod": 1,
                        "handleOldColoring": false,
                        "id": "extModel8091-1",
                        "isStringMetric": false,
                        "link": "",
                        "metricKey": "summary|drs_happy_vms",
                        "metricName": "Summary|DRS Happy VMs",
                        "orangeBound": null,
                        "redBound": null,
                        "resourceKindId": "resourceKind:id:0_::_",
                        "resourceKindName": "vSphere World",
                        "yellowBound": null
                     },
                     {
                        "colorMethod": 1,
                        "handleOldColoring": false,
                        "id": "extModel8091-2",
                        "isStringMetric": false,
                        "link": "",
                        "metricKey": "summary|drs_initiated_moves",
                        "metricName": "Summary|DRS Initiated Moves",
                        "orangeBound": null,
                        "redBound": null,
                        "resourceKindId": "resourceKind:id:0_::_",
                        "resourceKindName": "vSphere World",
                        "yellowBound": null
                     },
                     {
                        "colorMethod": 1,
                        "handleOldColoring": false,
                        "id": "extModel8091-3",
                        "isStringMetric": false,
                        "link": "",
                        "metricKey": "summary|nonDrs_initiated_moves",
                        "metricName": "Summary|Non-DRS Initiated Moves",
                        "orangeBound": null,
                        "redBound": null,
                        "resourceKindId": "resourceKind:id:0_::_",
                        "resourceKindName": "vSphere World",
                        "yellowBound": null
                     }
                  ],
                  "resourceMetrics": [],
                  "subMode": "resourceKindAll"
               },
               "mode": {"layoutMode": "fixedView"},
               "oldMetricValues": false,
               "periodLength": "last12Hour",
               "refreshContent": {"refreshContent": true},
               "refreshInterval": 300,
               "relationshipMode": {"relationshipMode": 0},
               "resInteractionMode": null,
               "resource": [],
               "roundDecimals": null,
               "selfProvider": {"selfProvider": true},
               "showDT": {"showDT": false},
               "showMetricName": {"showMetricName": true},
               "showMetricUnit": {"showMetricUnit": true},
               "showResourceName": {"showResourceName": false},
               "showSparkline": {"showSparkline": true},
               "title": "DRS Statistics",
               "valueSize": 24,
               "visualTheme": 6
            },
            "gridsterCoords": {
               "h": 7,
               "w": 2,
               "x": 6,
               "y": 1
            },
            "height": 381,
            "id": "65312a8e-71eb-4661-a2e4-13e82b9ba9e7",
            "title": "DRS Statistics",
            "type": "Scoreboard"
         },
         {
            "collapsed": false,
            "config": {
               "boxColumns": 3,
               "boxHeight": null,
               "customFilter": {
                  "excludedResources": null,
                  "filter": [],
                  "includedResources": null
               },
               "depth": 1,
               "labelSize": 12,
               "maxCellCount": 100,
               "metric": {
                  "mode": "resourceKind",
                  "resourceKindMetrics": [
                     {
                        "colorMethod": 1,
                        "handleOldColoring": false,
                        "id": "extModel10335-1",
                        "isStringMetric": false,
                        "label": "Namespaces",
                        "link": "",
                        "metricKey": "summary|numberNamespaces",
                        "metricName": "Summary|Number of Namespaces",
                        "metricUnitId": null,
                        "orangeBound": null,
                        "redBound": null,
                        "resourceKindId": "resourceKind:id:0_::_",
                        "resourceKindName": "vSphere World",
                        "unit": "",
                        "yellowBound": null
                     },
                     {
                        "colorMethod": 1,
                        "handleOldColoring": false,
                        "id": "extModel10335-2",
                        "isStringMetric": false,
                        "label": "Clusters",
                        "link": "",
                        "metricKey": "summary|numberKubernetesClusters",
                        "metricName": "Summary|Number of Kubernetes clusters",
                        "metricUnitId": null,
                        "orangeBound": null,
                        "redBound": null,
                        "resourceKindId": "resourceKind:id:0_::_",
                        "resourceKindName": "vSphere World",
                        "unit": "",
                        "yellowBound": null
                     },
                     {
                        "colorMethod": 1,
                        "handleOldColoring": false,
                        "id": "extModel10335-3",
                        "isStringMetric": false,
                        "label": "Dev Managed VMs",
                        "link": "",
                        "metricKey": "summary|numberDeveloperManagedVMs",
                        "metricName": "Summary|Number of Developer Managed VMs",
                        "metricUnitId": null,
                        "orangeBound": null,
                        "redBound": null,
                        "resourceKindId": "resourceKind:id:0_::_",
                        "resourceKindName": "vSphere World",
                        "unit": "",
                        "yellowBound": null
                     },
                     {
                        "colorMethod": 1,
                        "handleOldColoring": false,
                        "id": "extModel10335-4",
                        "isStringMetric": false,
                        "label": "Pods",
                        "link": "",
                        "metricKey": "summary|total_number_pods",
                        "metricName": "Summary|Number of Pods",
                        "metricUnitId": null,
                        "orangeBound": null,
                        "redBound": null,
                        "resourceKindId": "resourceKind:id:0_::_",
                        "resourceKindName": "vSphere World",
                        "unit": "",
                        "yellowBound": null
                     },
                     {
                        "colorMethod": 1,
                        "handleOldColoring": false,
                        "id": "extModel10335-5",
                        "isStringMetric": false,
                        "label": "Sup Clusters",
                        "link": "",
                        "metricKey": "summary|numberSupervisorClusters",
                        "metricName": "Summary|Number of Supervisor Clusters",
                        "metricUnitId": null,
                        "orangeBound": null,
                        "redBound": null,
                        "resourceKindId": "resourceKind:id:0_::_",
                        "resourceKindName": "vSphere World",
                        "unit": "",
                        "yellowBound": null
                     },
                     {
                        "colorMethod": 1,
                        "handleOldColoring": false,
                        "id": "extModel10335-6",
                        "isStringMetric": false,
                        "label": "Sup Hosts",
                        "link": "",
                        "metricKey": "summary|numberSupervisorHosts",
                        "metricName": "Summary|Number of Supervisor Hosts",
                        "metricUnitId": null,
                        "orangeBound": null,
                        "redBound": null,
                        "resourceKindId": "resourceKind:id:0_::_",
                        "resourceKindName": "vSphere World",
                        "unit": "",
                        "yellowBound": null
                     }
                  ],
                  "resourceMetrics": [],
                  "subMode": "resourceKindAll"
               },
               "mode": {"layoutMode": "fixedView"},
               "oldMetricValues": false,
               "periodLength": "last12Hour",
               "refreshContent": {"refreshContent": true},
               "refreshInterval": 300,
               "relationshipMode": {"relationshipMode": 0},
               "resInteractionMode": null,
               "resource": [],
               "roundDecimals": null,
               "selfProvider": {"selfProvider": true},
               "showDT": {"showDT": false},
               "showMetricName": {"showMetricName": true},
               "showMetricUnit": {"showMetricUnit": true},
               "showResourceName": {"showResourceName": false},
               "showSparkline": {"showSparkline": true},
               "title": "Kubernets",
               "valueSize": 24,
               "visualTheme": 6
            },
            "gridsterCoords": {
               "h": 7,
               "w": 2,
               "x": 8,
               "y": 1
            },
            "height": 380,
            "id": "f66556a8-0a6e-43e6-b7e8-cbea02b420bd",
            "title": "Kubernets",
            "type": "Scoreboard"
         },
         {
            "collapsed": false,
            "config": {
               "additionalColumns": [],
               "barsCount": 15,
               "customFilter": {
                  "excludedResources": null,
                  "filter": [],
                  "includedResources": null
               },
               "depth": 10,
               "filterMode": "tagPicker",
               "filterOldMetrics": {"filterOldMetrics": false},
               "metric": {
                  "metricKey": "cpu|capacity_contentionPct",
                  "name": "CPU|Contention (%)"
               },
               "metricName": "",
               "metricUnit": {
                  "metricUnitId": "percent",
                  "metricUnitName": "%"
               },
               "mode": "all",
               "orangeBound": 8,
               "percentileValue": null,
               "redBound": 12,
               "refreshContent": {"refreshContent": true},
               "refreshInterval": 300,
               "regenerationTime": 15,
               "relationshipMode": {"relationshipMode": [
                  -1,
                  0
               ]},
               "resource": [],
               "resourceKind": [{"id": "resourceKind:id:5_::_"}],
               "roundDecimals": 1,
               "selfProvider": {"selfProvider": true},
               "tagFilter": null,
               "title": "Top-15 CPU Contention",
               "topOption": "metricsHighestUtilization",
               "yellowBound": 7
            },
            "gridsterCoords": {
               "h": 21,
               "w": 1,
               "x": 12,
               "y": 1
            },
            "height": 1178,
            "id": "e1b58d76-4e2a-4904-a5a8-e902ac76d8a7",
            "title": "Top-15 CPU Contention",
            "type": "ParetoAnalysis"
         }
      ]
   }],
   "entries": {
      "resource": [
         {
            "adapterKindKey": "VMWARE",
            "identifiers": [],
            "internalId": "resource:id:0_::_",
            "name": "vSphere World",
            "resourceKindKey": "vSphere World"
         },
         {
            "adapterKindKey": "SDDCHealthAdapter",
            "identifiers": [],
            "internalId": "resource:id:1_::_",
            "name": "SDDC Health",
            "resourceKindKey": "SDDC World"
         }
      ],
      "resourceKind": [
         {
            "adapterKindKey": "VMWARE",
            "internalId": "resourceKind:id:3_::_",
            "resourceKindKey": "HostSystem"
         },
         {
            "adapterKindKey": "VMWARE",
            "internalId": "resourceKind:id:1_::_",
            "resourceKindKey": "VMwareAdapter Instance"
         },
         {
            "adapterKindKey": "VMWARE",
            "internalId": "resourceKind:id:5_::_",
            "resourceKindKey": "VirtualMachine"
         },
         {
            "adapterKindKey": "VMWARE",
            "internalId": "resourceKind:id:2_::_",
            "resourceKindKey": "ClusterComputeResource"
         },
         {
            "adapterKindKey": "VMWARE",
            "internalId": "resourceKind:id:0_::_",
            "resourceKindKey": "vSphere World"
         },
         {
            "adapterKindKey": "VMWARE",
            "internalId": "resourceKind:id:4_::_",
            "resourceKindKey": "Datastore"
         }
      ]
   },
   "uuid": "e471e137-7872-4e0d-9b2f-796b54aef224"
}